Age Group,Gender,Event,B,BB,A,AA,AAA,AAAA
Age Group,Gender,Event,B,BB,A,AA,AAA,AAAA
Age Group,Gender,Event,B,BB,A,AA,AAA,AAAA
Age Group,Gender,Event,B,BB,A,AA,AAA,AAAA
Age Group,Gender,Event,B,BB,A,AA,AAA,AAAA
Age Group,Gender,Event,B,BB,A,AA,AAA,AAAA
Age Group,Gender,Event,B,BB,A,AA,AAA,AAAA
Age Group,Gender,Event,B,BB,A,AA,AAA,AAAA
Age Group,Gender,Event,B,BB,A,AA,AAA,AAAA
Age Group,Gender,Event,B,BB,A,AA,AAA,AAAA
Age Group,Gender,Event,B,BB,A,AA,AAA,AAAA
Age Group,Gender,Event,B,BB,A,AA,AAA,AAAA
Age Group,Gender,Event,B,BB,A,AA,AAA,AAAA
Age Group,Gender,Event,B,BB,A,AA,AAA,AAAA
